ID,Age,Gender,BUS,BUS_history,Work_status,Work_status_gender,BUSsuccess,RevenueBest,MarketValBest,Operate_longest,AccGoals,BUS_current,HPS,SV,MV,Ex,ZRE_HPS,ZRE_HPS2,ZRE_SV,ZRE_SV2,ZRE_MV,ZRE_MV2,ZRE_Ex,ZRE_Ex2
S136,33,0,0,-1,0,, , , , , ,-1,6,4,1,0,-1.842778412,3.395832275,-1.616568307,2.61329309,-1.510907659,2.282841955,-1.433015226,2.053532638
S070,25,0,0,-1,0,, , , , , ,-1,10,3,6,1,-1.459299785,2.129555862,-2.033730845,4.136061148,-0.197249047,0.038907186,-1.011246067,1.022618607
S130,27,0,0,-1,0,, , , , , ,-1,14,9,2,1,-0.883759089,0.781030127,-0.2715264,0.073726586,-1.328821747,1.765767234,-0.990209289,0.980514437
S060,22,0,0,-1,0,, , , , , ,-1,17,5,6,4,-0.576943912,0.332864277,-1.505376309,2.266157832,-0.252234826,0.063622408,0.474947573,0.225575197
L134,31,0,0,-1,0,, , , , , ,-1,19,11,3,4,-0.135523908,0.01836673,0.369554124,0.136570251,-0.963449902,0.928235714,0.569613071,0.32445905
L124,47,0,0,-1,0,, , , , , ,-1,18,10,4,4,0.037493332,0.00140575,0.33888069,0.114840122,-0.37813494,0.142986033,0.737907289,0.544507167
S095,26,0,0,-1,0,, , , , , ,-1,22,7,12,1,0.171291269,0.029340699,-0.864295785,0.747007205,1.573424376,2.475664267,-1.000727678,1.001455886
S073,20,0,0,-1,0,, , , , , ,-1,23,7,10,4,0.190336098,0.03622783,-0.960918061,0.923363521,0.879337874,0.773235096,0.453910796,0.206035011
H055,50,0, ,-1,0,, , , , , ,-1,20,8,7,3,0.363676094,0.132260301,-0.189473845,0.035900338,0.553023254,0.30583472,0.263546186,0.069456592
L084,53,0,0,-1,0,, , , , , ,2,20,13,5,1,0.421294715,0.177489237,1.300501476,1.691304088,0.02389409,0.000570928,-0.716731185,0.513703592
S077,44,0,0,-1,0,, , , , , ,-1,22,10,7,4,0.517002994,0.267292095,0.290569552,0.084430665,0.443051695,0.196294805,0.706352123,0.498933322
L030,60,0,0,-1,0,, , , , , ,2,21,10,5,5,0.690020234,0.476127923,0.548228954,0.300554986,0.152194243,0.023163087,1.38056261,1.905953119
S067,24,0,0,-1,0,, , , , , ,-1,27,13,6,5,0.804289208,0.64688113,0.833493809,0.69471193,-0.21557764,0.046473719,1.001900619,1.00380485
S051,27,0,0,-1,0,, , , , , ,-1,27,16,4,6,0.861907829,0.742885105,1.746803457,3.051322316,-0.744706803,0.554588223,1.539372053,2.369666318
S037,28,0,0,-1,0,, , , , , ,-1,32,9,15,7,1.552524389,2.410331977,-0.255422687,0.065240749,2.486253977,6.181458838,2.05580671,4.226341231
H019,45,0,0,-1,0,, , , , , ,-1,30,15,10,4,1.610465765,2.593599981,1.748337448,3.056683831,1.337552703,1.789047233,0.716870512,0.51390333
L019,33,0,0,-1,0,, , , , , ,-1,40,17,13,8,2.722811988,7.413705121,2.131758569,4.544394597,1.993782,3.975166662,2.614314922,6.834642512
H068,66,0,1,0,0,, , , ,4, ,0,19,9,4,4,0.536693334,0.288039735,0.356518394,0.127105365,-0.02989167,0.000893512,0.937756673,0.879387577
H062,33,0,0,1,0,, , , , , ,0,25,14,7,3,0.708580929,0.502086933,1.266760059,1.604681048,0.24143717,0.058291907,0.084733579,0.007179779
L114,44,0, , ,0,, , , , , , ,12,8,2,1,-0.825817712,0.681974894,-0.286096121,0.081850991,-1.017235663,1.034768394,-0.811396683,0.658364577
S031,24,0, , ,0,, , , , , , ,17,6,7,3,-0.538531498,0.290016174,-1.184836047,1.403836459,0.076479832,0.005849165,-0.009931918,9.86E-05
S059,27,0, , ,0,, , , , , , ,26,6,13,5,0.727625758,0.529439244,-1.136524909,1.29168887,1.883810441,3.548741776,1.033455785,1.068030859
S092,24,0,1,0,1,0,3,0,0,2,1,0,19,6,9,3,-0.269967357,0.072882374,-1.184836047,1.403836459,0.660594775,0.436385457,-0.009931918,9.86E-05
S041,49,0,1,0,1,0,2,17000,17000,2,1,0,9,3,4,0,-1.132632889,1.282857262,-1.647241741,2.713405353,-0.341477754,0.116607056,-1.264721008,1.599519228
S087,56,0,0,-1,1,0, , , , , ,-1,1,1,0,0,-2.072446005,4.295032445,-2.111181426,4.457087012,-1.381407488,1.908286648,-1.191092288,1.418700838
S175,29,0,0,-1,1,0, , , , , ,-1,8,8,0,0,-1.651039098,2.725930105,-0.527651811,0.278416434,-1.876279503,3.520424775,-1.475088781,2.175886911
L195,30,0,0,-1,1,0, , , , , ,-1,11,9,2,0,-1.22898668,1.510408259,-0.223215262,0.049825053,-1.273835967,1.622658071,-1.464570392,2.144966433
L021,30,0,0,-1,1,0, , , , , ,-1,12,4,6,0,-1.094704609,1.198378181,-1.664879445,2.771823565,-0.105606081,0.011152644,-1.464570392,2.144966433
L108,56,0,0,-1,1,0, , , , , ,-1,10,3,4,2,-0.86390737,0.746335944,-1.534515752,2.354738594,-0.213177602,0.04544469,-0.179259751,0.032134058
S216,31,0,0,-1,1,0, , , , , ,-1,14,9,2,2,-0.806934261,0.651142902,-0.207111549,0.042895194,-1.255507374,1.576298766,-0.442219466,0.195558056
S016,26,0,0,-1,1,0, , , , , ,-1,15,10,5,0,-0.768683225,0.590873901,0.000702724,4.94E-07,-0.470977925,0.221820206,-1.506643947,2.269975982
H013,31,0,0,-1,1,0, , , , , ,-1,16,8,4,4,-0.53837012,0.289842386,-0.495444386,0.245465139,-0.671392431,0.450767796,0.569613071,0.32445905
S034,27,0,0,-1,1,0, , , , , ,-1,17,10,6,0,-0.480912877,0.231277195,0.016806437,0.000282456,-0.16059186,0.025789746,-1.496125558,2.238391685
S093,35,0,0,-1,1,0, , , , , ,-1,16,5,9,0,-0.461545292,0.213024057,-1.296028045,1.679688693,0.8622093,0.743404877,-1.411978449,1.99368314
L094,24,0,0,-1,1,0, , , , , ,-1,19,9,7,3,-0.269967357,0.072882374,-0.319837538,0.10229605,0.076479832,0.005849165,-0.009931918,9.86E-05
S212,33,0,0,-1,1,0, , , , , ,-1,18,12,2,3,-0.231393565,0.053542982,0.690094386,0.476230262,-1.218850188,1.48559578,0.084733579,0.007179779
S042,22,0,0,-1,1,0, , , , , ,-1,20,9,5,4,-0.1740977,0.030310009,-0.352044963,0.123935656,-0.544292298,0.296254105,0.474947573,0.225575197
L155,38,0,0,-1,1,0, , , , , ,-1,19,9,6,1,-0.00108046,1.17E-06,-0.09438556,0.008908634,0.041022665,0.001682859,-0.874507014,0.764762518
L100,41,0,0,-1,1,0, , , , , ,-1,19,9,7,1,0.056538161,0.003196564,-0.046074422,0.002122852,0.388065916,0.150595155,-0.842951849,0.710567819
S193,29,0,0,-1,1,0, , , , , ,-1,21,8,10,2,0.094627819,0.008954424,-0.527651811,0.278416434,1.044295212,1.09055249,-0.463256244,0.214606347
H060,43,0,0,-1,1,0, , , , , ,-1,19,7,5,5,0.094950575,0.009015612,-0.59053267,0.348728835,-0.159391841,0.025405759,1.201750003,1.444203069
H089,33,0,0,-1,1,0, , , , , ,-1,22,9,8,5,0.305734717,0.093473717,-0.174904124,0.030591452,0.533494642,0.284616533,1.096566117,1.202457248
S028,25,0,0,-1,1,0, , , , , ,-1,25,10,11,2,0.554931274,0.307948718,-0.015400988,0.00023719,1.263038311,1.595265775,-0.505329798,0.255358205
S048,22,0,0,-1,1,0, , , , , ,-1,26,12,5,7,0.631594723,0.398911895,0.512953547,0.263121341,-0.544292298,0.296254105,1.992696379,3.970838858
L093,36,0,0,-1,1,0, , , , , ,-1,25,15,7,2,0.76619955,0.58706175,1.603404034,2.570904496,0.29642295,0.087866565,-0.389627523,0.151809607
S044,24,0,0,-1,1,0, , , , , ,-1,27,11,10,3,0.804289208,0.64688113,0.256828136,0.065960691,0.952652246,0.907546303,-0.009931918,9.86E-05
L092,32,0,0,-1,1,0, , , , , ,2,28,12,10,4,1.092220934,1.192946569,0.673990674,0.454263428,1.099280992,1.208418699,0.580131459,0.33655251
S075,30,0,0,-1,1,0, , , , , ,-1,31,13,12,4,1.456654732,2.121843008,0.930116085,0.865115931,1.646738749,2.711748506,0.559094682,0.312586864
S026,21,0,0,-1,1,0, , , , , ,-1,34,15,12,5,1.686645081,2.84477163,1.361848344,1.854630913,1.48178141,2.195676147,0.970345453,0.941570298
S169,28,0,0,-1,1,0, , , , , ,-1,33,16,10,5,1.686806459,2.84531603,1.762907169,3.107841688,1.025966619,1.052607504,1.043974173,1.089882075
S022,27,0,1,0,1,0,5, , ,2,0,0,36,16,12,7,2.070446464,4.28674856,1.746803457,3.051322316,1.591752969,2.533677515,2.045288322,4.183204319
H017,33,0,0,1,1,0, , , , , ,0,31,16,9,5,1.514273353,2.293023786,1.843425733,3.398218432,0.825552113,0.681536292,1.096566117,1.202457248
L054,25,0, , ,1,0, , , , , , ,12,8,2,1,-1.190735644,1.417851374,-0.592066661,0.350542932,-1.365478933,1.864532716,-1.011246067,1.022618607
L163,34,0, , ,1,0, , , , , , ,12,8,2,1,-1.017879781,1.036079249,-0.447133248,0.199928141,-1.200521594,1.441252099,-0.916580569,0.840119939
L210,35,0, , ,1,0, , , , , , ,12,8,2,1,-0.998673575,0.997348908,-0.431029535,0.18578646,-1.182193001,1.397580292,-0.90606218,0.820948675
L125,36,0, , ,1,0, , , , , , ,12,8,2,1,-0.979467368,0.959356324,-0.414925822,0.172163438,-1.163864408,1.35458036,-0.895543792,0.801998683
S040,24,0, , ,1,0, , , , , , ,21,8,11,1,-0.001403216,1.97E-06,-0.608170374,0.369871204,1.244709718,1.549302282,-1.021764455,1.044002602
L020,50,0,1,0,2,2,3,0,0,1,0,0,19,10,7,2,0.229394024,0.052621618,0.387191828,0.149917512,0.553023254,0.30583472,-0.242370082,0.058743257
L138,46,0,1,0,2,2,4,40000000, ,4,1,1,19,10,4,4,0.152569196,0.02327736,0.322776977,0.104184977,-0.396463533,0.157183333,0.7273889,0.529094612
S205,28,0,0,-1,2,2, , , , , ,-1,6,2,3,1,-1.938809447,3.75898207,-2.273752543,5.169950628,-1.018435682,1.037211238,-0.979690901,0.959794261
L067,32,0,0,-1,2,2, , , , , ,-1,12,8,2,1,-1.056292195,1.115753202,-0.479340673,0.229767481,-1.237178781,1.530611336,-0.937617346,0.879126288
L065,49,0,0,-1,2,2, , , , , ,-1,12,8,2,1,-0.729786677,0.532588595,-0.205577558,0.042262132,-0.925592697,0.856721841,-0.75880474,0.575784633
S035,32,0,0,-1,2,2, , , , , ,-1,15,8,3,2,-0.653445984,0.426991653,-0.479340673,0.229767481,-0.945121309,0.893254289,-0.431701078,0.18636582
L004,35,0,0,-1,2,2, , , , , ,2,15,10,3,1,-0.595827363,0.355010246,0.145636138,0.021209885,-0.89013553,0.792341261,-0.90606218,0.820948675
L196,37,0,0,-1,2,2, , , , , ,-1,15,8,4,2,-0.557414949,0.310711425,-0.39882211,0.159059075,-0.561420872,0.315193395,-0.379109135,0.143723736
L101,51,0,0,-1,2,2, , , , , ,-1,14,9,2,3,-0.422810122,0.1787684,0.114962704,0.013216423,-0.888935511,0.790206342,0.274064575,0.075111391
L001,56,0,0,-1,2,2, , , , , ,-1,15,6,8,1,-0.192497017,0.037055102,-0.669517243,0.448253338,0.955052285,0.912124866,-0.685176019,0.469466177
S065,31,0,0,-1,2,2, , , , , ,-1,19,5,9,3,-0.135523908,0.01836673,-1.360442895,1.850804872,0.788894927,0.622355206,0.063696802,0.004057283
L025,32,0,0,-1,2,2, , , , , ,-1,19,8,7,2,-0.116317701,0.013529808,-0.479340673,0.229767481,0.223108577,0.049777437,-0.431701078,0.18636582
S014,37,0,0,-1,2,2, , , , , ,-1,19,12,6,1,-0.020286667,0.000411549,0.754509237,0.569284188,0.022694071,0.000515021,-0.885025403,0.783269964
H041,45,0,0,-1,2,2, , , , , ,-1,18,8,6,3,-0.000919082,8.45E-07,-0.269992408,0.072895901,0.169322817,0.028670216,0.210954243,0.044501693
H087,50,0,0,-1,2,2, , , , , ,-1,18,6,5,5,0.095111953,0.009046284,-0.766139518,0.586969762,-0.031091689,0.000966693,1.275378723,1.626590888
S142,36,0,0,-1,2,2, , , , , ,-1,21,10,8,3,0.229071268,0.052473646,0.161739851,0.026159779,0.588480421,0.346309206,0.116288745,0.013523072
L177,26,0,0,-1,2,2, , , , , ,-1,24,7,11,5,0.43985541,0.193472782,-0.864295785,0.747007205,1.281366904,1.641901144,1.022937396,1.046400916
L105,31,0,0,-1,2,2, , , , , ,-1,24,11,7,6,0.535886445,0.287174282,0.369554124,0.136570251,0.204779984,0.041934842,1.581445608,2.50097021
L112,37,0,0,-1,2,2, , , , , ,-1,24,10,7,5,0.651123686,0.423962055,0.177843564,0.031628333,0.314751543,0.099068534,1.138639671,1.2965003
H011,41,0,0,-1,2,2, , , , , ,-1,24,10,8,5,0.727948514,0.529909039,0.242258414,0.058689139,0.680123387,0.462567822,1.180713226,1.394083721
L137,28,0,0,-1,2,2, , , , , ,-1,28,10,10,7,1.015396106,1.031029252,0.03291015,0.001083078,1.025966619,1.052607504,2.05580671,4.226341231
L129,30,0,0,-1,2,2, , , , , ,-1,29,9,14,5,1.188090591,1.411559252,-0.223215262,0.049825053,2.230853692,4.976708194,1.065010951,1.134248325
L091,38,0,0,-1,2,2, , , , , ,-1,28,16,7,3,1.207458176,1.457955246,1.923944296,3.701561654,0.333080136,0.110942377,0.137325523,0.018858299
L010,39,0,0,-1,2,2, , , , , ,-1,37,14,14,7,2.435203018,5.930213737,1.363382335,1.858811392,2.39581103,5.739910493,2.171508985,4.715451274
H057,27,0,0,0,2,2, , , ,2, ,-1,20,9,7,3,-0.078066665,0.006094404,-0.2715264,0.073726586,0.131465611,0.017283207,0.021623248,0.000467565
L042,31,0,1,0,2,2,3, , , , ,1,12,8,2,1,-1.075498402,1.156696813,-0.495444386,0.245465139,-1.255507374,1.576298766,-0.948135735,0.898961372
L199,33,0,1,0,2,2,3, , , , ,1,12,8,2,1,-1.037085988,1.075547347,-0.46323696,0.214588481,-1.218850188,1.48559578,-0.927098958,0.859512477
H052,26,0,1,0,2,2, , , ,2, ,0,26,13,8,3,0.708419551,0.50185826,0.865701234,0.749438627,0.40519449,0.164182574,0.011104859,0.000123318
L201,38,0,1,1,2,2,3, , ,4,0,0,12,8,2,1,-0.941054954,0.885584426,-0.382718397,0.146473371,-1.127207222,1.270596121,-0.874507014,0.764762518
L056,67,0,1,1,2,2,3, , , , ,1,12,8,2,1,-0.384074953,0.147513569,0.08428927,0.007104681,-0.59567802,0.354832303,-0.569473744,0.324300345
L147,36,0, , ,2,2, , , , , , ,12,8,2,1,-0.979467368,0.959356324,-0.414925822,0.172163438,-1.163864408,1.35458036,-0.895543792,0.801998683
L037,39,0, , ,2,2, , , , , , ,12,8,2,1,-0.921848747,0.849805112,-0.366614684,0.134406327,-1.108878629,1.229611813,-0.863988626,0.746476346
L071,41,0, , ,2,2, , , , , , ,12,8,2,1,-0.883436333,0.780459754,-0.334407259,0.111828215,-1.072221442,1.149658821,-0.842951849,0.710567819
L164,49,0, , ,2,2, , , , , , ,12,8,2,1,-0.729786677,0.532588595,-0.205577558,0.042262132,-0.925592697,0.856721841,-0.75880474,0.575784633
L171,50,0, , ,2,2, , , , , , ,12,8,2,1,-0.710580471,0.504924605,-0.189473845,0.035900338,-0.907264104,0.823128154,-0.748286351,0.559932463
L180,40,0,1,0,3,4,4,170000, , , ,1,24,12,11,1,0.708742307,0.502315658,0.802820375,0.644520554,1.537967209,2.365343135,-0.853470237,0.728411446
S080,34,0,1,1,3,4,4,1000000, ,4,1,0,9,4,5,0,-1.420725993,2.018462348,-1.600464594,2.561486917,-0.32434918,0.10520239,-1.422496838,2.023497253
L087,55,0,0,-1,3,4, , , , , ,-1,11,9,1,1,-0.748831506,0.560748625,0.179377555,0.032176307,-1.107678609,1.226951902,-0.695694408,0.483990709
L075,60,0,0,-1,3,4, , , , , ,-1,14,7,6,0,-0.24995426,0.062477132,-0.316769555,0.100342951,0.444251714,0.197359586,-1.149018733,1.320244049
L002,47,0,0,-1,3,4, , , , , ,-1,22,9,7,6,0.574621614,0.33019,0.050547853,0.002555085,0.498037475,0.248041326,1.749739826,3.061589458
L028,58,0,1,1,3,4,4, , ,2,1,1,4,2,1,0,-1.63118738,2.660772268,-1.790641164,3.206395777,-1.05269283,1.108162194,-1.17005551,1.369029897
L188,32,0, , ,3,4, , , , , , ,12,8,2,1,-1.056292195,1.115753202,-0.479340673,0.229767481,-1.237178781,1.530611336,-0.937617346,0.879126288
L167,55,0,1,0,4,6,3,60000, ,3,0,1,11,6,4,1,-0.748831506,0.560748625,-0.685620955,0.470076094,-0.231506195,0.053595118,-0.695694408,0.483990709
L098,48,0,1,0,4,6,3,70000, ,3,1,1,8,2,4,1,-1.286121167,1.654107655,-1.95167829,3.809048149,-0.359806347,0.129460607,-0.769323128,0.591858076
L015,47,0,1,0,4,6,3,150000, ,4, ,1,8,4,3,0,-1.305327374,1.703879552,-1.39111633,1.935204643,-0.670192412,0.449157869,-1.285757785,1.653173083
L088,37,0,1,0,4,6,4,150000, ,2,1,1,29,10,9,8,1.322534039,1.749096285,0.177843564,0.031628333,0.898866486,0.80796096,2.656388477,7.056399739
L198,32,0,1,0,4,6,4,3500000, , , ,1,12,8,2,1,-1.056292195,1.115753202,-0.479340673,0.229767481,-1.237178781,1.530611336,-0.937617346,0.879126288
L027,48,0,1,0,4,6,4,10000000,20000000,4,0,1,18,7,10,1,0.056699539,0.003214838,-0.510014107,0.26011439,1.392538482,1.939163425,-0.769323128,0.591858076
H083,45,0,0,-1,4,6, , , , , ,-1,18,7,6,4,-0.000919082,8.45E-07,-0.558325245,0.311727079,0.169322817,0.028670216,0.716870512,0.51390333
H028,36,0,0,-1,4,6, , , , , ,-1,20,11,5,4,0.094789197,0.008984992,0.450072687,0.202565424,-0.287691993,0.082766683,0.622205014,0.387139079
S049,55,0,0,-1,4,6, , , , , ,-1,21,9,9,2,0.593989199,0.352823169,0.179377555,0.032176307,1.228781163,1.509903147,-0.189778139,0.036015742
S097,45,0,1,0,4,6,4, , ,4,1,0,18,15,1,1,-0.000919082,8.45E-07,1.748337448,3.056683831,-1.290964541,1.666589447,-0.800878294,0.641406042
H026,48,0,1,0,4,6, , , ,1, ,0,18,6,8,3,0.056699539,0.003214838,-0.798346944,0.637357843,0.808423539,0.653548619,0.242509409,0.058810813
H029,46,0,1,0,4,6, , , ,2, ,0,22,10,9,2,0.555415408,0.308486275,0.322776977,0.104184977,1.063823825,1.13172113,-0.284443637,0.080908183
H058,54,0,1,0,4,6, , , , , ,0,29,13,11,3,1.649039557,2.719331461,1.316605188,1.733449222,1.794567513,3.220472559,0.305619741,0.093403426
H066,56,0,1,1,4,6, , , ,2, ,0,21,9,7,5,0.613195406,0.376008606,0.195481267,0.038212926,0.662994813,0.439562122,1.338489055,1.79155295
H010,30,0,1,1,4,6, , , ,4, ,0,27,15,9,2,0.919526449,0.845528891,1.506781758,2.270391266,0.770566334,0.593772475,-0.452737855,0.204971565
L135,32,0,1,1,4,6, , , , , , ,12,8,2,1,-1.056292195,1.115753202,-0.479340673,0.229767481,-1.237178781,1.530611336,-0.937617346,0.879126288
L128,48,0,1,1,4,6, , , , , , ,12,8,2,1,-0.748992884,0.560990341,-0.221681271,0.049142586,-0.94392129,0.890987402,-0.769323128,0.591858076
L069,50,0,1,1,4,6, , , , , , ,12,8,2,1,-0.710580471,0.504924605,-0.189473845,0.035900338,-0.907264104,0.823128154,-0.748286351,0.559932463
L048,52,0,1,1,4,6, , , , , , ,12,8,2,1,-0.672168057,0.451809896,-0.15726642,0.024732727,-0.870606917,0.757956405,-0.727249574,0.528891942
L203,57,0,1,1,4,6, , , , , , ,12,8,2,1,-0.576137022,0.331933868,-0.076747857,0.005890234,-0.778963952,0.606784838,-0.67465763,0.455162918
H027,59,0,1,1,4,6, , , , , , ,22,9,7,5,0.805096098,0.648179726,0.243792405,0.059434737,0.717980593,0.515496131,1.370044221,1.877021167
S068,56,0,1,1,5,8,5,360,5000000,4,1,0,38,18,11,6,2.895990606,8.386761591,2.790476797,7.786760753,1.831224699,3.3533839,1.844405324,3.401830997
L205,38,0,1,0,5,8,3,40000, ,3,0,1,32,18,5,7,1.744586458,3.043581909,2.500609969,6.253050217,-0.251034807,0.063018474,2.160990597,4.669880359
L178,34,0,1,1,5,8,3,130000, , , ,1,12,8,2,1,-1.017879781,1.036079249,-0.447133248,0.199928141,-1.200521594,1.441252099,-0.916580569,0.840119939
L133,30,0,1,1,5,8,4,200000,500000,2,0,2,32,15,9,7,1.590936802,2.531079909,1.506781758,2.270391266,0.770566334,0.593772475,2.076843488,4.313278872
S045,37,0,1,1,5,8,5,200000,14000000,3,1,0,35,18,9,7,2.128226463,4.529347876,2.484506256,6.172771338,0.898866486,0.80796096,2.150472208,4.624530718
S188,30,0,1,0,5,8,4,300000, ,3,0,0,27,14,10,3,0.919526449,0.845528891,1.218448921,1.484617774,1.062623805,1.129169352,0.053178414,0.002827944
L089,44,0,1,1,5,8,3,1000000, ,4,1,1,38,15,14,6,2.665516123,7.104976202,1.732233735,3.000633713,2.487453996,6.187427382,1.71818466,2.952158526
L086,53,0,1,0,5,8,4,15000000, ,3,0,1,19,8,5,5,0.287012644,0.082376258,-0.141162707,0.01992691,0.02389409,0.000570928,1.306933889,1.708076191
H016,51,0,1,0,5,8, , , ,1, ,0,17,8,6,3,-0.019963911,0.000398558,-0.173370133,0.030057203,0.279294376,0.078005348,0.274064575,0.075111391
H073,51,0,1,0,5,8, , , ,1, ,0,22,7,10,5,0.651446442,0.424382467,-0.461702969,0.213169632,1.447524262,2.095326489,1.285897112,1.653531382
H046,31,0,1,0,5,8, , , ,2, ,0,29,16,7,6,1.207296798,1.457565557,1.811218307,3.280511757,0.204779984,0.041934842,1.581445608,2.50097021
H024,24,0,1,1,5,8, , , ,1, ,0,26,14,8,3,0.670007137,0.448909564,1.121826646,1.258495023,0.368537303,0.135819744,-0.009931918,9.86E-05
H042,31,0,1,1,5,8, , , ,2, ,0,27,12,9,5,0.938732656,0.881219,0.657886961,0.432815253,0.788894927,0.622355206,1.075529339,1.15676336
H112,40,0,1,1,5,8, , , ,3, ,0,27,12,9,5,1.111588519,1.235629035,0.802820375,0.644520554,0.953852266,0.909834144,1.170194837,1.369355956
L070,32,0,1,1,5,8, , , , , , ,12,8,2,1,-1.056292195,1.115753202,-0.479340673,0.229767481,-1.237178781,1.530611336,-0.937617346,0.879126288
L126,47,0,1,1,5,8, , , , , , ,12,8,2,1,-0.768199091,0.590129844,-0.237784983,0.056541698,-0.962249883,0.925924838,-0.779841517,0.608152791
L165,66,0,1,1,5,8, , , , , , ,12,8,2,1,-0.40328116,0.162635694,0.068185557,0.00464927,-0.614006613,0.377004121,-0.579992133,0.336390874
L145,56,0,1,0, ,, , , , , ,0,12,8,2,1,-0.595343229,0.35443356,-0.092851569,0.008621414,-0.797292545,0.635675402,-0.685176019,0.469466177
S072,25,1,1,0,0,,4,0,0,2,1,0,27,10,11,6,0.653071625,0.426502547,-0.277025282,0.076743007,1.173476642,1.377047428,1.521193216,2.3140288
S050,51,1,1,1,0,,3,0,0,2,0,0,20,8,7,4,0.212458511,0.045138619,-0.434994427,0.189220151,0.481790178,0.232121775,0.782838783,0.61283656
S089,26,1,1,0,0,,4,1000,10000,1,1,0,22,10,7,3,0.000867479,7.53E-07,-0.26092157,0.068080066,0.023575348,0.000555797,0.013962799,0.00019496
S082,25,1,1,0,0,,4,2000, ,1, ,0,28,16,7,4,0.787353695,0.619925842,1.452971737,2.111126869,0.005246755,2.75E-05,0.509360679,0.259448301
L117,57,1,1,0,0,,2,60000,0,2,1,0,19,12,4,2,0.193413682,0.037408852,0.814959196,0.66415849,-0.284410678,0.080889434,-0.165883422,0.02751731
S071,28,1,1,0,0,,4,70000,0,3,1,0,24,10,10,3,0.307844034,0.094767949,-0.228714144,0.05231016,0.93640495,0.87685423,0.034999576,0.00122497
S162,30,1,1,0,0,,3,150000, ,1,0,0,24,9,9,3,0.346256448,0.119893528,-0.484839556,0.235069395,0.681004664,0.463767353,0.056036353,0.003140073
L184,44,1,1,0,0,,3,200000, ,1,1,1,16,4,9,3,-0.45911322,0.210784949,-1.701051762,2.893577096,0.937604969,0.879103077,0.203293794,0.041328367
L049,37,1,1,1,0,,3,5000000,35000000,3,0,1,12,8,2,1,-1.130684951,1.278448458,-0.660446404,0.436189452,-1.235097484,1.525465796,-0.882167463,0.778219433
S094,25,1,0,-1,0,, , , , , ,-1,5,4,1,0,-2.301133928,5.295217354,-2.007022302,4.028138521,-1.747098074,3.05235168,-1.514304395,2.293117802
S198,28,1,0,-1,0,, , , , , ,-1,7,5,2,0,-1.974951166,3.900432108,-1.670378328,2.790163757,-1.400054823,1.960153507,-1.482749229,2.198545277
S021,23,1,0,-1,0,, , , , , ,-1,8,5,2,0,-1.93670013,3.750807394,-1.750896891,3.065639922,-1.491697789,2.225162293,-1.535341173,2.357272516
L207,39,1,0,-1,0,, , , , , ,-1,9,3,5,0,-1.495118749,2.235380072,-2.069903162,4.284499099,-0.322267883,0.103856589,-1.367046955,1.868817376
S056,22,1,0,-1,0,, , , , , ,-1,12,4,6,2,-1.418778055,2.012931168,-2.05533344,4.22439555,-0.341796496,0.116824845,-0.534027024,0.285184863
S036,39,1,0,-1,0,, , , , , ,-1,11,6,3,0,-1.226554607,1.504436205,-1.204904652,1.45179522,-0.906382827,0.821529828,-1.367046955,1.868817376
S038,27,1,0,-1,0,, , , , , ,-1,13,7,5,1,-1.188464949,1.412448936,-1.109816367,1.231692368,-0.542211001,0.29399277,-0.98735135,0.974862687
S079,33,1,0,-1,0,, , , , , ,-1,14,6,5,2,-0.938945637,0.88161891,-1.301526928,1.693972343,-0.432239442,0.186830936,-0.418324749,0.174995596
L206,35,1,0,-1,0,, , , , , ,-1,16,9,5,2,-0.631969082,0.399384921,-0.404320993,0.163475465,-0.395582256,0.156485321,-0.397287972,0.157837733
S090,20,1,0,-1,0,, , , , , ,-1,19,14,4,1,-0.517215975,0.267512364,0.795787501,0.633277746,-0.962568625,0.926538358,-1.06098007,1.125678709
L016,66,1,0,-1,0,, , , , , ,-1,14,8,5,0,-0.305140808,0.093110913,-0.193438737,0.037418545,0.172604132,0.029792186,-1.083050462,1.172998302
S020,24,1,0,-1,0,, , , , , ,-1,23,16,4,2,0.096737136,0.009358073,1.436868025,2.06458972,-0.889254253,0.790773126,-0.512990247,0.263158993
S151,27,1,0,-1,0,, , , , , ,-1,23,12,7,2,0.154355756,0.0238257,0.331847816,0.110122973,0.041903942,0.00175594,-0.481435081,0.231779737
L006,30,1,0,-1,0,, , , , , ,-1,24,15,6,1,0.346256448,0.119893528,1.245157464,1.55041711,-0.19516775,0.038090451,-0.955796184,0.913546345
L072,54,1,0,-1,0,, , , , , ,-1,24,13,5,4,0.807205414,0.651580581,1.054980894,1.112984687,-0.047338986,0.00224098,0.814393949,0.663237504
L104,26,1,0,-1,0,, , , , , ,-1,33,13,11,7,1.477970255,2.184396075,0.60407694,0.36490895,1.191805235,1.420399718,2.037627873,4.151927349
S085,23,1,0,-1,0,, , , , , ,-1,39,19,12,7,2.226044058,4.955272147,2.285762822,5.224711677,1.428876927,2.041689272,2.006072707,4.024327706
S201,32,1,1,0,0,,4, , ,1, ,0,21,14,4,2,-0.01817735,0.000330416,0.989032053,0.978184401,-0.742625507,0.551492644,-0.428843138,0.183906437
L026,30,1,1,0,0,,2, , ,2,0,0,22,12,7,1,0.077692307,0.006036094,0.380158954,0.14452083,0.096889721,0.009387618,-0.955796184,0.913546345
S146,29,1,1,0,0,, , , ,2, ,0,26,13,9,4,0.595614382,0.354756492,0.652388078,0.425610204,0.662676071,0.439139575,0.551434233,0.304079714
L127,24,1,1,0,0,,4, , ,2,1,0,28,14,12,2,0.768147488,0.590050564,0.860202351,0.739948085,1.44720552,2.094403817,-0.512990247,0.263158993
H020,55,1,1,1,0,, , , ,4, ,0,18,8,4,5,0.020719198,0.000429285,-0.370579576,0.137329222,-0.321067864,0.103084574,1.330828606,1.771104779
H040,19,1,0,1,0,, , , , , ,0,24,13,8,2,0.134988171,0.018221806,0.491350952,0.241425758,0.187332668,0.035093528,-0.56558219,0.319883214
H001,32,1,1,1,0,, , , ,2, ,0,23,13,7,3,0.250386791,0.062693545,0.700699216,0.490979391,0.133546908,0.017834777,0.077073131,0.005940267
H053,57,1,1,1,0,, , , ,3, ,0,22,11,5,5,0.596259894,0.355525861,0.526626359,0.277335322,0.007646794,5.85E-05,1.351865383,1.827540015
L186,26,1, , ,0,, , , , , , ,12,8,2,1,-1.341953227,1.800838463,-0.837587243,0.70155239,-1.436712009,2.064141398,-0.997869738,0.995744014
L041,30,1, , ,0,, , , , , , ,12,8,2,1,-1.265128399,1.600549867,-0.773172392,0.597795548,-1.363397637,1.858853116,-0.955796184,0.913546345
L149,34,1, , ,0,, , , , , , ,12,8,2,1,-1.188303571,1.412065378,-0.708757542,0.502337253,-1.290083264,1.664314828,-0.913722629,0.834889043
L059,56,1, , ,0,, , , , , , ,12,8,2,1,-0.765767019,0.586399127,-0.354475864,0.125653138,-0.886854214,0.786510397,-0.682318079,0.465557961
L036,57,1, , ,0,, , , , , , ,12,8,2,1,-0.746560812,0.557353046,-0.338372151,0.114495713,-0.868525621,0.754336755,-0.671799691,0.451314824
S091,26,1,1,0,1,1,3,0,0,1,0,0,8,6,0,1,-1.879081509,3.530947318,-1.414252916,2.000111311,-2.020826952,4.083741572,-0.997869738,0.995744014
S086,34,1,1,0,1,1,3,0,50000,2,0,0,15,10,4,0,-0.78545736,0.616943264,-0.132091869,0.017448262,-0.705968321,0.49839127,-1.419638898,2.0153746
S152,30,1,1,0,1,1,2,0,0,2,0,0,18,9,6,2,-0.459435976,0.211081416,-0.484839556,0.235069395,-0.19516775,0.038090451,-0.449879915,0.202391938
L081,56,1,1,1,1,1,3,3300,15000,3,1,1,13,9,3,0,-0.631484948,0.39877324,-0.066143027,0.0043749,-0.594796743,0.353783165,-1.188234348,1.411900865
S210,27,1,1,0,1,1,3,200000,1000000,2,0,0,23,13,8,2,0.154355756,0.0238257,0.620180653,0.384624042,0.333961413,0.111530226,-0.481435081,0.231779737
S217,27,1,1,0,1,1,4,1000000,10000000,3,1,0,23,14,4,5,0.154355756,0.0238257,0.908513489,0.82539676,-0.834268473,0.696003885,1.036313725,1.073946136
L110,44,1,1,0,1,1,4,10000000,100000000,3,1,1,31,15,11,4,1.555117839,2.418391493,1.470609441,2.162692128,1.521719912,2.31563149,0.709210063,0.502978913
S160,36,1,1,0,1,1, ,1000000000, , , ,0,21,6,12,2,0.058647478,0.003439527,-1.25321579,1.570549816,1.667148638,2.779384581,-0.386769583,0.149590711
S181,29,1,0,-1,1,1, , , , , ,-1,7,6,0,0,-1.955744959,3.824938345,-1.365941778,1.865796942,-1.965841173,3.864531517,-1.472230841,2.167463649
S032,32,1,0,-1,1,1, , , , , ,-1,7,4,0,1,-1.898126338,3.602883596,-1.894296314,3.588358524,-1.910855393,3.651368335,-0.934759406,0.873775148
S150,28,1,0,-1,1,1, , , , , ,-1,8,4,3,1,-1.840669095,3.388062719,-1.958711164,3.836549425,-1.107997351,1.227658131,-0.976832961,0.954202634
S176,33,1,0,-1,1,1, , , , , ,-1,8,2,5,0,-1.744638061,3.043761963,-2.454858274,6.026329146,-0.432239442,0.186830936,-1.430157286,2.045349864
S211,28,1,0,-1,1,1, , , , , ,-1,12,8,3,1,-1.303540813,1.699218651,-0.805379818,0.648636651,-1.107997351,1.227658131,-0.976832961,0.954202634
S195,29,1,0,-1,1,1, , , , , ,-1,12,8,2,2,-1.284334606,1.649515381,-0.789276105,0.62295677,-1.38172623,1.909167374,-0.460398304,0.211966598
S013,27,1,0,-1,1,1, , , , , ,-1,13,6,3,3,-1.188464949,1.412448936,-1.398149204,1.954821195,-1.126325945,1.268610133,0.024481188,0.000599329
S155,29,1,0,-1,1,1, , , , , ,-1,13,8,3,1,-1.150052536,1.322620835,-0.789276105,0.62295677,-1.089668758,1.187378003,-0.966314572,0.933763853
L121,26,1,0,-1,1,1, , , , , ,-1,14,7,4,2,-1.073389086,1.15216413,-1.12592008,1.267696026,-0.852597066,0.726921757,-0.49195347,0.242018216
S109,28,1,0,-1,1,1, , , , , ,-1,14,10,3,0,-1.034976672,1.071176711,-0.228714144,0.05231016,-1.107997351,1.227658131,-1.482749229,2.198545277
S167,29,1,0,-1,1,1, , , , , ,-1,14,9,3,1,-1.015770465,1.031789638,-0.500943268,0.250944158,-1.089668758,1.187378003,-0.966314572,0.933763853
S008,30,1,0,-1,1,1, , , , , ,-1,14,9,5,0,-0.996564258,0.99314032,-0.484839556,0.235069395,-0.487225222,0.237388417,-1.461712452,2.136603293
S053,35,1,0,-1,1,1, , , , , ,-1,15,8,5,1,-0.766251153,0.587140829,-0.692653829,0.479769327,-0.395582256,0.156485321,-0.90320424,0.8157779
L080,30,1,0,-1,1,1, , , , , ,-1,16,5,9,1,-0.728000117,0.52998417,-1.638170902,2.683603905,0.681004664,0.463767353,-0.955796184,0.913546345
S033,32,1,0,-1,1,1, , , , , ,-1,17,11,3,2,-0.555305632,0.308364345,0.124033543,0.01538432,-1.034682979,1.070568867,-0.428843138,0.183906437
H036,24,1,0,-1,1,1, , , , , ,-1,20,8,6,5,-0.306109076,0.093702767,-0.869794668,0.756542765,-0.305139309,0.093109998,1.004758559,1.009539761
S153,27,1,0,-1,1,1, , , , , ,-1,20,11,4,4,-0.248490455,0.061747506,0.043514979,0.001893553,-0.834268473,0.696003885,0.530397456,0.281321461
S009,28,1,0,-1,1,1, , , , , ,-1,20,10,9,1,-0.229284248,0.052571267,-0.228714144,0.05231016,0.644347478,0.415183672,-0.976832961,0.954202634
S219,30,1,0,-1,1,1, , , , , ,-1,20,11,5,4,-0.190871835,0.036432057,0.091826117,0.008432036,-0.487225222,0.237388417,0.561952622,0.315790749
L014,34,1,0,-1,1,1, , , , , ,-1,20,9,7,3,-0.114047007,0.01300672,-0.420424705,0.176756933,0.170204094,0.028969434,0.098109908,0.009625554
S006,28,1,0,-1,1,1, , , , , ,-1,21,16,4,1,-0.095002178,0.009025414,1.501282875,2.253850271,-0.81593988,0.665757888,-0.976832961,0.954202634
S204,28,1,0,-1,1,1, , , , , ,-1,22,15,3,2,0.039279893,0.00154291,1.212950039,1.471247796,-1.107997351,1.227658131,-0.470916692,0.221762531
S206,29,1,0,-1,1,1, , , , , ,-1,22,14,4,3,0.0584861,0.003420624,0.940720915,0.884955839,-0.797611287,0.636183765,0.045517965,0.002071885
S066,27,1,0,-1,1,1, , , , , ,-1,23,9,8,4,0.154355756,0.0238257,-0.533150694,0.284249662,0.333961413,0.111530226,0.530397456,0.281321461
S047,22,1,0,-1,1,1, , , , , ,-1,24,10,10,2,0.192606792,0.037097376,-0.32533642,0.105843786,0.826433391,0.682992149,-0.534027024,0.285184863
S055,31,1,0,-1,1,1, , , , , ,-1,24,13,7,3,0.365462655,0.133562952,0.684595503,0.468671003,0.115218314,0.01327526,0.066554742,0.004429534
S191,30,1,0,-1,1,1, , , , , ,-1,25,13,8,3,0.480538518,0.230917268,0.668491791,0.446881274,0.388947193,0.151279919,0.056036353,0.003140073
S064,34,1,0,-1,1,1, , , , , ,-1,25,9,10,3,0.557363346,0.310653899,-0.420424705,0.176756933,1.046376509,1.094903798,0.098109908,0.009625554
S170,27,1,0,-1,1,1, , , , , ,-1,27,12,9,4,0.691484039,0.478150176,0.331847816,0.110122973,0.626018885,0.391899644,0.530397456,0.281321461
S043,29,1,0,-1,1,1, , , , , ,-1,27,11,12,3,0.729896453,0.532748831,0.075722405,0.005733883,1.538848486,2.368054662,0.045517965,0.002071885
S129,27,1,0,-1,1,1, , , , , ,-1,31,14,10,5,1.228612321,1.509488235,0.908513489,0.82539676,0.918076356,0.842864196,1.036313725,1.073946136
S135,24,1,0,-1,1,1, , , , , ,-1,32,11,10,8,1.305275771,1.703744838,-0.004796158,2.30E-05,0.863090577,0.744925344,2.522507364,6.363043403
S215,32,1,0,-1,1,1, , , , , ,-1,31,13,13,2,1.324643356,1.75468002,0.700699216,0.490979391,1.885891737,3.556587643,-0.428843138,0.183906437
S057,26,1,0,-1,1,1, , , , , ,-1,32,11,13,6,1.343688185,1.805497937,0.027411267,0.000751378,1.775920178,3.153892478,1.531711604,2.346140439
S192,27,1,0,-1,1,1, , , , , ,-1,32,16,8,7,1.362894392,1.857481122,1.485179163,2.205757145,0.333961413,0.111530226,2.048146262,4.194903109
S039,21,1,0,-1,1,1, , , , , ,-1,33,16,12,5,1.381939221,1.909756009,1.388556887,1.928090227,1.39221974,1.938275806,0.973203393,0.947124844
S061,22,1,0,-1,1,1, , , , , ,-1,33,18,9,5,1.401145427,1.963208509,1.981326273,3.925653798,0.534375919,0.285557623,0.983721781,0.967708543
L111,31,1,0,-1,1,1, , , , , ,-1,37,17,13,6,2.111129572,4.45686807,1.83792685,3.377975105,1.867563144,3.487792096,1.584303548,2.510017731
L136,28,1,1,0,1,1,4, , , , ,1,11,5,3,1,-1.437822884,2.067334645,-1.670378328,2.790163757,-1.107997351,1.227658131,-0.976832961,0.954202634
H008,23,1,1,0,1,1, , , ,2, ,0,28,15,7,4,0.748941281,0.560913043,1.132431475,1.282401046,-0.031410431,0.000986615,0.488323902,0.238460233
S110,26,1, , ,1,1, , , , , , ,10,4,5,1,-1.610517368,2.593766193,-1.990918589,3.96375683,-0.560539595,0.314204637,-0.997869738,0.995744014
S164,30,1, , ,1,1, , , , , , ,16,12,4,0,-0.728000117,0.52998417,0.380158954,0.14452083,-0.779282694,0.607281516,-1.461712452,2.136603293
S019,32,1, , ,1,1, , , , , , ,27,16,6,3,0.787515073,0.620179991,1.565697726,2.451409369,-0.158510564,0.025125599,0.077073131,0.005940267
S163,36,1,1,0,2,3, ,0, ,2, ,0,26,15,10,0,0.73005783,0.532984436,1.34177974,1.80037287,1.083033695,1.172961984,-1.39860212,1.956087891
S168,36,1,1,0,2,3,4,400,5000,1,1,0,27,9,14,3,0.864339901,0.747083465,-0.38821728,0.150712656,2.251263581,5.068187712,0.119146685,0.014195933
S078,42,1,1,1,2,3,3,10500,10000000,2,0,0,31,13,10,6,1.516705425,2.300395346,0.861736342,0.742589524,1.193005254,1.423261536,1.700005823,2.890019797
S199,42,1,1,0,2,3,4,20000, ,2,1,0,9,6,2,1,-1.437500128,2.066406617,-1.156593514,1.337708556,-1.143454519,1.307488236,-0.82957552,0.688195544
L185,46,1,1,0,2,3,3,20000, ,3,0,1,22,11,8,1,0.384991617,0.148218546,0.34948552,0.122140129,0.682204683,0.46540323,-0.787501966,0.620159346
S173,34,1,1,0,2,3,2,20000, ,2,0,0,32,16,9,4,1.49733784,2.242020607,1.597905151,2.553300872,0.754319037,0.56899721,0.604026176,0.364847622
L046,31,1,1,0,2,3,3,30000, ,3,1,1,12,8,2,1,-1.245922192,1.552322109,-0.75706868,0.573152986,-1.345069044,1.809210732,-0.945277795,0.89355011
S197,37,1,1,0,2,3,3,30000,0,3,1,0,18,7,8,2,-0.324992527,0.105620143,-0.94877924,0.900182047,0.517247345,0.267544816,-0.376251195,0.141564962
L097,36,1,1,0,2,3,4,50000, ,3, ,1,21,11,7,1,0.058647478,0.003439527,0.188448393,0.035512797,0.20686128,0.042791589,-0.892685852,0.79688803
S134,45,1,1,0,2,3,3,100000,100000,2,0,0,16,6,6,3,-0.439907013,0.19351818,-1.108282376,1.228289825,0.079761147,0.006361841,0.213812183,0.04571565
L103,52,1,1,0,2,3,3,100000,20000,2,0,0,33,15,9,7,1.977331635,3.909840397,1.599439142,2.558205569,1.084233714,1.175562747,2.311105977,5.341210839
L029,73,1,1,0,2,3,4,170000,200000000,2,0,0,23,12,7,4,1.037841275,1.077114513,1.072618598,1.150510657,0.885019227,0.783259033,1.014243333,1.028689539
L018,54,1,1,0,2,3,4,300000,150000,2,1,1,10,4,3,1,-1.072743574,1.150778775,-1.540014635,2.371645077,-0.631453929,0.398734065,-0.703354857,0.494708054
S088,39,1,1,1,2,3,3,500000,0,2,0,0,46,21,15,8,3.473317863,12.06393698,3.120087897,9.734948487,2.598306832,6.751198394,2.680283194,7.183917999
S081,29,1,1,0,2,3,4,1500000,25000000,2,0,0,19,8,6,3,-0.344360112,0.118583887,-0.789276105,0.62295677,-0.213496344,0.045580689,0.045517965,0.002071885
L153,39,1,1,0,2,3,4,3000000, , , ,1,12,8,2,1,-1.092272537,1.193059295,-0.628238979,0.394684214,-1.198440298,1.436259148,-0.861130686,0.741546058
S208,32,1,1,1,2,3,3,3400000,14000000,2,1,0,40,18,14,6,2.533181991,6.417010999,2.142363399,4.589720933,2.177949208,4.743462755,1.594821936,2.543457008
L151,64,1,1,0,2,3,4,14000000, , , ,1,12,8,2,1,-0.612117363,0.374687667,-0.225646162,0.050916191,-0.740225469,0.547933745,-0.59817097,0.35780851
L106,60,1,1,0,2,3,4,16000000,145000000,4,1,1,19,12,3,2,0.251032303,0.063017217,0.863270333,0.745235669,-0.52148237,0.271943862,-0.134328256,0.01804408
S017,27,1,0,-1,2,3, , , , , ,-1,9,3,3,2,-1.725593232,2.977672001,-2.263147713,5.121837573,-1.126325945,1.268610133,-0.481435081,0.231779737
S200,35,1,0,-1,2,3, , , , , ,-1,9,6,2,1,-1.571943576,2.471006607,-1.269319502,1.611171999,-1.271754671,1.617359943,-0.90320424,0.8157779
L208,44,1,0,-1,2,3, , , , , ,2,8,5,3,0,-1.533369784,2.351222896,-1.412718925,1.995774762,-0.814739861,0.663801041,-1.314455011,1.727791977
L055,39,1,0,-1,2,3, , , , , ,-1,9,4,2,2,-1.495118749,2.235380072,-1.781570325,3.173992823,-1.198440298,1.436259148,-0.355214417,0.126177282
L102,53,1,0,-1,2,3, , , , , ,-1,7,5,1,0,-1.494795993,2.23441506,-1.267785511,1.607280103,-1.233897465,1.522502955,-1.219789514,1.487886458
S010,46,1,0,-1,2,3, , , , , ,-1,9,3,5,0,-1.3606753,1.851437272,-1.957177173,3.830542487,-0.193967731,0.037623481,-1.293418234,1.672930728
S004,31,1,0,-1,2,3, , , , , ,-1,12,5,6,0,-1.245922192,1.552322109,-1.62206719,2.631101968,-0.176839157,0.031272088,-1.451194064,2.10596421
S083,32,1,0,-1,2,3, , , , , ,-1,13,8,4,0,-1.092433915,1.193411858,-0.740964967,0.549029082,-0.742625507,0.551492644,-1.440675675,2.0755464
L050,46,1,0,-1,2,3, , , , , ,-1,11,5,3,0,-1.092111159,1.192706783,-1.3805115,1.905812001,-0.778082674,0.605412648,-1.293418234,1.672930728
L113,47,1,0,-1,2,3, , , , , ,-1,11,8,1,0,-1.072904952,1.151125036,-0.499409277,0.249409626,-1.343869024,1.805983955,-1.282899845,1.645832014
L090,36,1,0,-1,2,3, , , , , ,-1,13,9,3,1,-1.015609087,1.031461818,-0.38821728,0.150712656,-0.961368606,0.924229597,-0.892685852,0.79688803
L119,37,1,0,-1,2,3, , , , , ,2,13,10,0,1,-0.99640288,0.992818699,-0.083780731,0.007019211,-1.819212428,3.309533857,-0.882167463,0.778219433
L192,45,1,0,-1,2,3, , , , , ,-1,12,8,2,1,-0.977035295,0.954597968,-0.531616703,0.282616319,-1.088468739,1.184764196,-0.798020354,0.636836486
S171,33,1,0,-1,2,3, , , , , ,-1,14,7,5,1,-0.938945637,0.88161891,-1.013194091,1.026562266,-0.432239442,0.186830936,-0.924241018,0.854221459
L109,37,1,0,-1,2,3, , , , , ,-1,14,7,5,1,-0.86212081,0.74325229,-0.94877924,0.900182047,-0.35892507,0.128827206,-0.882167463,0.778219433
S166,44,1,0,-1,2,3, , , , , ,-1,14,8,2,3,-0.727677361,0.529514342,-0.547720415,0.299997653,-1.106797332,1.225000335,0.203293794,0.041328367
S196,35,1,0,-1,2,3, , , , , ,-1,16,7,6,1,-0.631969082,0.399384921,-0.980986666,0.962334838,-0.103524785,0.010717381,-0.90320424,0.8157779
L131,56,1,0,-1,2,3, , , , , ,-1,13,7,3,2,-0.631484948,0.39877324,-0.6428087,0.413203025,-0.594796743,0.353783165,-0.176401811,0.031117599
L122,38,1,0,-1,2,3, , , , , ,-1,16,7,6,2,-0.574350461,0.329878453,-0.932675528,0.86988364,-0.048539005,0.002356035,-0.365732806,0.133760485
S133,29,1,0,-1,2,3, , , , , ,-1,20,13,2,3,-0.210078042,0.044132784,0.652388078,0.425610204,-1.38172623,1.909167374,0.045517965,0.002071885
S161,45,1,0,-1,2,3, , , , , ,-1,18,9,5,3,-0.171342872,0.02935838,-0.243283866,0.059187039,-0.212296324,0.045069729,0.213812183,0.04571565
L143,33,1,0,-1,2,3, , , , , ,-1,20,10,7,3,-0.133253214,0.017756419,-0.148195581,0.02196193,0.151875501,0.023066168,0.087591519,0.007672274
L032,49,1,0,-1,2,3, , , , , ,-1,18,4,8,4,-0.094518044,0.008933661,-1.620533199,2.626127848,0.737190463,0.543449779,0.761802006,0.580342296
L120,38,1,0,-1,2,3, , , , , ,-1,20,5,12,1,-0.037222179,0.001385491,-1.509341201,2.278110861,1.703805824,2.902954287,-0.871649075,0.759772109
L012,39,1,0,-1,2,3, , , , , ,-1,20,7,9,3,-0.018015972,0.000324575,-0.916571815,0.840103892,0.845962003,0.71565171,0.150701851,0.022711048
S178,40,1,0,-1,2,3, , , , , ,-1,20,11,7,2,0.001190235,1.42E-06,0.252863244,0.06393982,0.280175653,0.078498396,-0.344696029,0.118815352
S001,36,1,0,-1,2,3, , , , , ,-1,21,9,6,4,0.058647478,0.003439527,-0.38821728,0.150712656,-0.085196191,0.007258391,0.625062954,0.390703696
S003,37,1,0,-1,2,3, , , , , ,-1,21,14,6,0,0.077853685,0.006061196,1.069550616,1.14393852,-0.066867598,0.004471276,-1.388083732,1.926776446
L130,45,1,0,-1,2,3, , , , , ,-1,20,8,9,2,0.097221269,0.009451975,-0.531616703,0.282616319,0.955933562,0.913808975,-0.292104086,0.085324797
S159,28,1,0,-1,2,3, , , , , ,-1,23,10,8,3,0.173561963,0.030123755,-0.228714144,0.05231016,0.352290006,0.124108249,0.034999576,0.00122497
S189,43,1,0,-1,2,3, , , , , ,-1,21,11,7,3,0.193090926,0.037284106,0.301174382,0.090706008,0.335161432,0.112333186,0.192775406,0.037162357
H025,45,1,0,-1,2,3, , , , , ,-1,21,10,5,4,0.23150334,0.053593796,0.045048971,0.00202941,-0.212296324,0.045069729,0.719728451,0.518009044
L082,39,1,0,-1,2,3, , , , , ,-1,22,11,5,6,0.250548169,0.062774385,0.236759531,0.056055076,-0.322267883,0.103856589,1.668450657,2.783727594
S158,34,1,0,-1,2,3, , , , , ,-1,24,10,9,3,0.423081275,0.178997766,-0.132091869,0.017448262,0.754319037,0.56899721,0.098109908,0.009625554
S011,33,1,0,-1,2,3, , , , , ,-1,26,13,9,2,0.67243921,0.452174491,0.716802929,0.513806438,0.735990444,0.541681933,-0.418324749,0.174995596
L007,49,1,0,-1,2,3, , , , , ,-1,24,14,6,2,0.711174379,0.505768998,1.262795168,1.594651635,0.15307552,0.023432115,-0.250030531,0.062515267
H090,32,1,0,-1,2,3, , , , , ,-1,27,15,9,3,0.787515073,0.620179991,1.277364889,1.63166106,0.717661851,0.515038532,0.077073131,0.005940267
L200,60,1,0,-1,2,3, , , , , ,-1,23,8,10,4,0.788160585,0.621197108,-0.290061013,0.084135391,1.522919931,2.319285116,0.877504281,0.770013763
L170,51,1,0,-1,2,3, , , , , ,-1,25,13,9,2,0.883868864,0.781224169,1.006669756,1.013383998,1.065905121,1.136153727,-0.228993754,0.052438139
S194,33,1,0,-1,2,3, , , , , ,-1,28,15,7,4,0.941003351,0.885487306,1.293468602,1.673061024,0.151875501,0.023066168,0.593507788,0.352251494
S190,33,1,0,-1,2,3, , , , , ,-1,29,17,7,4,1.075285421,1.156238737,1.870134275,3.497402207,0.151875501,0.023066168,0.593507788,0.352251494
L031,51,1,0,-1,2,3, , , , , ,-1,28,12,11,4,1.286715076,1.655635686,0.71833692,0.51600793,1.650020064,2.722566211,0.782838783,0.61283656
L023,61,1,0,-1,2,3, , , , , ,-1,27,15,8,2,1.344495074,1.807667005,1.744372556,3.042835614,0.957133581,0.916104692,-0.123809868,0.015328883
S025,30,1,0,-1,2,3, , , , , ,-1,32,15,11,4,1.420513012,2.017857218,1.245157464,1.55041711,1.265119607,1.600527621,0.561952622,0.315790749
S015,27,1,0,-1,2,3, , , , , ,-1,34,18,11,5,1.631458533,2.661656944,2.061844836,4.251204127,1.210133828,1.464423882,1.036313725,1.073946136
L035,35,1,0,-1,2,3, , , , , ,2,41,15,15,8,2.725082682,7.426075625,1.325676027,1.757416929,2.52499246,6.375586921,2.638209639,6.9601501
H106,49,1,0,0,2,3, , , ,4, ,-1,17,9,5,3,-0.228800115,0.052349492,-0.178869015,0.031994125,-0.138981952,0.019315983,0.255885737,0.065477511
H038,34,1,0,0,2,3, , , ,3, ,-1,25,13,8,3,0.557363346,0.310653899,0.732906641,0.537152145,0.462261565,0.213685755,0.098109908,0.009625554
H037,46,1,0,0,2,3, , , ,4, ,-1,28,12,9,6,1.190684041,1.417728485,0.637818356,0.406812256,0.974262155,0.949186747,1.742079377,3.034840556
L040,43,1,1,0,2,3,3, , , , ,0,12,8,2,1,-1.015447709,1.03113405,-0.563824128,0.317897647,-1.125125925,1.265908348,-0.819057131,0.670854585
H030,27,1,1,0,2,3, , , ,1, ,0,21,10,6,3,-0.114208385,0.013043555,-0.244817857,0.059935783,-0.25015353,0.062576789,0.024481188,0.000599329
L063,57,1,1,0,2,3,3, , ,2,0,0,18,5,11,2,0.059131611,0.003496547,-1.203370661,1.448100947,1.759991623,3.097570513,-0.165883422,0.02751731
H034,43,1,1,0,2,3, , , ,4, ,0,24,14,4,5,0.595937138,0.355141072,1.166172892,1.359959213,-0.541010982,0.292692883,1.204607943,1.451080296
S027,47,1,1,0,2,3,4, , ,3,1,0,27,5,13,7,1.075608177,1.156932951,-1.364407787,1.86160861,2.160820634,4.669145814,2.258514034,5.100885643
H022,37,1,1,0,2,3, , , ,2, ,0,32,12,10,8,1.554956461,2.417889595,0.492884943,0.242935567,1.101362288,1.21299889,2.659246416,7.071591504
L191,35,1,1,1,2,3,3, , , , ,0,12,8,2,1,-1.169097365,1.366788648,-0.692653829,0.479769327,-1.271754671,1.617359943,-0.90320424,0.8157779
H023,50,1,0,1,2,3, , , ,3, ,0,24,12,7,5,0.730380586,0.533455801,0.702233207,0.493131477,0.463461585,0.21479664,1.278236663,1.633888967
L183,31,1, , ,2,3, , , , , , ,12,8,2,1,-1.245922192,1.552322109,-0.75706868,0.573152986,-1.345069044,1.809210732,-0.945277795,0.89355011
L148,33,1, , ,2,3, , , , , , ,12,8,2,1,-1.207509778,1.458079865,-0.724861254,0.525423838,-1.308411857,1.711941588,-0.924241018,0.854221459
L204,33,1, , ,2,3, , , , , , ,12,8,2,1,-1.207509778,1.458079865,-0.724861254,0.525423838,-1.308411857,1.711941588,-0.924241018,0.854221459
L051,35,1, , ,2,3, , , , , , ,12,8,2,1,-1.169097365,1.366788648,-0.692653829,0.479769327,-1.271754671,1.617359943,-0.90320424,0.8157779
L172,35,1, , ,2,3, , , , , , ,12,8,2,1,-1.169097365,1.366788648,-0.692653829,0.479769327,-1.271754671,1.617359943,-0.90320424,0.8157779
L144,36,1, , ,2,3, , , , , , ,12,8,2,1,-1.149891158,1.322249674,-0.676550117,0.45772006,-1.253426078,1.571076932,-0.892685852,0.79688803
L157,45,1, , ,2,3, , , , , , ,12,8,2,1,-0.977035295,0.954597968,-0.531616703,0.282616319,-1.088468739,1.184764196,-0.798020354,0.636836486
L140,54,1, , ,2,3, , , , , , ,12,8,2,1,-0.804179433,0.64670456,-0.386683289,0.149523966,-0.923511401,0.852873307,-0.703354857,0.494708054
L158,60,1, , ,2,3, , , , , , ,12,8,2,1,-0.688942191,0.474641343,-0.290061013,0.084135391,-0.813539842,0.661847074,-0.640244525,0.409913051
L213,63,1, , ,2,3, , , , , , ,12,8,2,1,-0.63132357,0.398569451,-0.241749875,0.058443002,-0.758554062,0.575404265,-0.608689359,0.370502736
L011,54,1,1,1,3,5,4,100000,400000,2,1,0,28,17,5,4,1.344333696,1.807233087,2.208312241,4.876642952,-0.047338986,0.00224098,0.814393949,0.663237504
L162,44,1,1,0,3,5,5,500000,0,4,1,1,31,12,12,5,1.555117839,2.418391493,0.605610931,0.3667646,1.813777383,3.289788396,1.215126331,1.476532001
S131,50,1,1,1,3,5,3,500000, ,3,1,0,17,11,5,0,-0.209593908,0.043929606,0.41390037,0.171313517,-0.120653359,0.014557233,-1.25134468,1.565863507
L024,56,1,1,1,3,5,5,2000000,100000000,4,1,1,16,6,7,2,-0.228638737,0.052275672,-0.931141537,0.867024562,0.573433144,0.32882557,-0.176401811,0.031117599
L214,65,1,1,1,3,5,4,5000000, , , ,1,12,8,2,1,-0.592911157,0.35154364,-0.20954245,0.043908038,-0.721896876,0.521135099,-0.587652582,0.345335557
L045,57,1,1,0,3,5,4,10000000,450000,4,1,1,15,9,3,2,-0.3437146,0.118139726,-0.050039314,0.002503933,-0.57646815,0.332315527,-0.165883422,0.02751731
S202,37,1,1,0,3,5,5,15000000,30000000,3,1,0,37,18,11,6,2.226366814,4.956709189,2.222881962,4.941204218,1.39341976,1.941618626,1.647413879,2.71397249
L187,56,1,1,1,3,5,4,15000000,85000000,4,1,1,17,10,5,1,-0.094356666,0.00890318,0.22218981,0.049368312,-0.0106818,0.000114101,-0.682318079,0.465557961
L107,50,1,0,-1,3,5, , , , , ,-1,12,8,0,3,-0.881004261,0.776168507,-0.451098139,0.203489531,-1.580940716,2.499373549,0.266404126,0.070971158
L077,52,1,0,-1,3,5, , , , , ,-1,13,8,2,1,-0.708309776,0.501702739,-0.418890714,0.17546943,-0.960168587,0.921923715,-0.724391634,0.524743239
H077,48,1,0,0,3,5, , , ,3, ,-1,22,9,7,4,0.423404031,0.179270974,-0.194972728,0.038014365,0.426804398,0.182161994,0.751283617,0.564427074
L173,52,1,1,0,3,5,4, , ,4,1,1,12,8,2,1,-0.842591847,0.70996102,-0.418890714,0.17546943,-0.960168587,0.921923715,-0.724391634,0.524743239
H018,27,1,1,0,3,5, , , ,2, ,0,24,12,7,4,0.288637827,0.083311795,0.331847816,0.110122973,0.041903942,0.00175594,0.530397456,0.281321461
L212,24,1,1,0,3,5, , , , ,1,1,28,14,6,6,0.768147488,0.590050564,0.860202351,0.739948085,-0.305139309,0.093109998,1.510674827,2.282138434
H093,50,1,1,0,3,5, , , ,4, ,0,26,14,7,4,0.998944728,0.997890569,1.27889888,1.635582346,0.463461585,0.21479664,0.772320395,0.596478792
H092,46,1,1,0,3,5, , , , , ,0,28,14,7,6,1.190684041,1.417728485,1.21448403,1.474971458,0.390147212,0.152214847,1.742079377,3.034840556
H103,46,1,0,1,3,5, , , ,4, ,0,20,11,6,3,0.116427476,0.013555357,0.34948552,0.122140129,0.09808974,0.009621597,0.224330571,0.050324205
H099,54,1,1,1,3,5, , , ,4, ,0,19,11,5,2,0.135795061,0.018440299,0.478315221,0.228785451,-0.047338986,0.00224098,-0.197438588,0.038981996
H076,38,1,1,1,3,5, , , ,3, ,0,26,13,5,7,0.768470244,0.590546516,0.797321492,0.635721561,-0.340596477,0.11600596,2.163848537,4.682240489
H033,37,1,1,1,3,5, , , ,4, ,0,30,12,11,5,1.28639232,1.6548052,0.492884943,0.242935567,1.39341976,1.941618626,1.141497611,1.303016796
L154,50,1, , ,3,5, , , , , , ,12,8,2,1,-0.881004261,0.776168507,-0.451098139,0.203489531,-0.996825773,0.993661622,-0.745428411,0.555663516
L169,68,1, , ,3,5, , , , , , ,12,8,2,1,-0.535292536,0.286538099,-0.161231312,0.025995536,-0.666911096,0.44477041,-0.556097416,0.309244336
S096,26,1,1,1,4,7,3,0, ,1,1,0,24,10,9,4,0.26943162,0.072593398,-0.26092157,0.068080066,0.607690292,0.369287491,0.519879067,0.270274245
S062,65,1,1,0,4,7,3,35, ,2,0,0,24,8,12,2,1.01847369,1.037288658,-0.20954245,0.043908038,2.19867784,4.834184244,-0.081736313,0.006680825
S029,26,1,1,0,4,7,4,2000,3800,3,1,0,20,10,5,3,-0.267696662,0.071661503,-0.26092157,0.068080066,-0.560539595,0.314204637,0.013962799,0.00019496
L074,35,1,1,1,4,7,4,5000,2000000,4,0,2,22,6,10,5,0.173723341,0.030179799,-1.269319502,1.611171999,1.064705102,1.133596954,1.120460834,1.25543248
S100,35,1,1,1,4,7,4,10000, ,3,1,0,11,8,2,0,-1.303379435,1.698797952,-0.692653829,0.479769327,-1.271754671,1.617359943,-1.409120509,1.985620609
S213,25,1,1,0,4,7,3,70000,400000,2,0,0,31,13,12,4,1.190199907,1.416575819,0.587973227,0.345712516,1.465534113,2.147790237,0.509360679,0.259448301
S214,25,1,1,0,4,7,3,70000,400000,2,0,0,31,11,12,6,1.190199907,1.416575819,0.011307554,0.000127861,1.465534113,2.147790237,1.521193216,2.3140288
L044,50,1,1,1,4,7,3,100000, , , ,1,12,8,2,1,-0.881004261,0.776168507,-0.451098139,0.203489531,-0.996825773,0.993661622,-0.745428411,0.555663516
L083,38,1,1,0,4,7,3,160000,0,2,1,1,16,12,2,2,-0.574350461,0.329878453,0.508988655,0.259069451,-1.216768891,1.480526535,-0.365732806,0.133760485
S177,40,1,1,0,4,7,4,220000,1000000000,3,1,0,31,14,10,4,1.478293011,2.185350227,1.117861754,1.2496149,1.156348068,1.337140853,0.667136508,0.445071121
L209,38,1,1,0,4,7,3,300000, ,3,0,1,12,8,2,1,-1.111478744,1.235384998,-0.644342691,0.415177504,-1.216768891,1.480526535,-0.871649075,0.759772109
S165,36,1,1,0,4,7,4,800000,8600000,3,1,0,20,8,9,3,-0.075634593,0.005720592,-0.676550117,0.45772006,0.790976223,0.625643386,0.119146685,0.014195933
L017,45,1,1,1,4,7,5,2000000,5000000,4,1,2,11,7,3,0,-1.111317366,1.235026288,-0.819949539,0.672317247,-0.796411268,0.634270907,-1.303936623,1.700250716
L005,40,1,1,0,4,7,3,5000000,20000000,4,0,1,18,7,9,0,-0.267373906,0.071488806,-0.900468103,0.810842804,0.864290596,0.746998234,-1.356528566,1.84016975
S174,28,1,1,0,4,7,3,155000000,100000000,3,1,0,19,12,3,3,-0.363566319,0.132180468,0.347951529,0.121070266,-1.107997351,1.227658131,0.034999576,0.00122497
H012,66,1,0,-1,4,7, , , , , ,-1,16,5,7,3,-0.036576667,0.001337853,-1.058437247,1.120289406,0.756719075,0.572623759,0.434698344,0.18896265
S180,31,1,0,-1,4,7, , , , , ,-1,40,21,10,7,2.513975784,6.320074242,2.991258196,8.947625596,0.991390729,0.982855578,2.090219816,4.36901888
H070,48,1,0,0,4,7, , , ,4, ,-1,21,8,5,5,0.289121961,0.083591508,-0.483305565,0.233584269,-0.157310545,0.024746608,1.257199886,1.580551553
H048,35,1,0,0,4,7, , , ,2, ,-1,28,13,10,3,0.979415765,0.95925524,0.749010354,0.56101651,1.064705102,1.133596954,0.108628297,0.011800107
L123,61,1,1,0,4,7,4, , ,4,1,1,11,9,1,1,-0.804018055,0.646445033,0.014375536,0.000206656,-1.08726872,1.18215327,-0.629726136,0.396555007
L182,56,1,1,0,4,7,3, , , , ,1,12,8,2,1,-0.765767019,0.586399127,-0.354475864,0.125653138,-0.886854214,0.786510397,-0.682318079,0.465557961
H043,32,1,1,0,4,7, , , ,2, ,0,22,8,9,4,0.11610472,0.013480306,-0.740964967,0.549029082,0.717661851,0.515038532,0.582989399,0.33987664
H050,25,1,1,0,4,7, , , ,2, ,0,24,14,7,3,0.250225413,0.062612757,0.876306064,0.767912318,0.005246755,2.75E-05,0.00344441,1.19E-05
H051,30,1,1,0,4,7, , , ,1, ,0,24,14,5,3,0.346256448,0.119893528,0.956824627,0.915513367,-0.487225222,0.237388417,0.056036353,0.003140073
H014,51,1,1,0,4,7, , , ,3, ,0,21,8,7,5,0.346740582,0.120229031,-0.434994427,0.189220151,0.481790178,0.232121775,1.288755052,1.660889583
H039,64,1,1,0,4,7, , , ,4, ,0,20,9,5,4,0.462139201,0.213572641,0.062686674,0.003929619,0.135946946,0.018481572,0.919577835,0.845623395
S063,38,1,1,0,4,7,3, , ,4,0,0,24,9,9,4,0.499906103,0.249906112,-0.356009855,0.126743017,0.82763341,0.684977061,0.646099731,0.417444862
H002,28,1,1,0,4,7, , , ,1, ,0,26,11,10,5,0.576408175,0.332246384,0.059618692,0.003554388,0.93640495,0.87685423,1.046832113,1.095857473
S030,36,1,1,0,4,7,4, , ,4,0,0,31,15,12,3,1.401468183,1.964113069,1.34177974,1.80037287,1.667148638,2.779384581,0.119146685,0.014195933
H056,66,1,1,0,4,7, , , ,4, ,0,28,11,10,6,1.57480818,2.480020803,0.671559773,0.450992528,1.63289149,2.666334618,1.95244715,3.812049872
L190,34,1,1,1,4,7,3, , , , ,1,12,8,2,1,-1.188303571,1.412065378,-0.708757542,0.502337253,-1.290083264,1.664314828,-0.913722629,0.834889043
H065,25,1,1,1,4,7, , , ,3, ,0,19,10,5,3,-0.42118494,0.177396754,-0.277025282,0.076743007,-0.578868188,0.335088379,0.00344441,1.19E-05
H059,34,1,1,1,4,7, , , ,4, ,0,20,8,5,6,-0.114047007,0.01300672,-0.708757542,0.502337253,-0.413910849,0.171322191,1.615858714,2.610999382
H075,26,1,1,1,4,7, , , ,2, ,0,25,12,8,4,0.403713691,0.162984744,0.315744103,0.099694339,0.31563282,0.099624077,0.519879067,0.270274245
L176,38,1,1,1,4,7, , , , , , ,12,8,2,1,-1.111478744,1.235384998,-0.644342691,0.415177504,-1.216768891,1.480526535,-0.871649075,0.759772109
L189,54,1,1,1,4,7, , , , , , ,12,8,2,1,-0.804179433,0.64670456,-0.386683289,0.149523966,-0.923511401,0.852873307,-0.703354857,0.494708054
L193,57,1,1,1,4,7, , , , , , ,12,8,2,1,-0.746560812,0.557353046,-0.338372151,0.114495713,-0.868525621,0.754336755,-0.671799691,0.451314824
L179,60,1,1,1,4,7, , , , , , ,12,8,2,1,-0.688942191,0.474641343,-0.290061013,0.084135391,-0.813539842,0.661847074,-0.640244525,0.409913051
S054,26,1,1,0,5,9, ,0, ,1, ,0,15,9,3,2,-0.939107015,0.881921986,-0.549254406,0.301680403,-1.144654538,1.310234011,-0.49195347,0.242018216
S024,29,1,1,1,5,9,5,0,0,2,1,0,24,13,7,4,0.327050241,0.10696186,0.652388078,0.425610204,0.078561128,0.006171851,0.551434233,0.304079714
S069,34,1,1,1,5,9,3,0,0,2,0,0,29,12,9,5,1.094491628,1.197911925,0.444573805,0.197645868,0.754319037,0.56899721,1.109942445,1.231972231
S052,32,1,1,1,5,9,3,10000,1000000,1,0,0,25,9,10,3,0.518950932,0.26931007,-0.45263213,0.204875846,1.009719322,1.01953311,0.077073131,0.005940267
L115,21,1,1,0,5,9,4,100000,800000,2,1,1,24,10,9,3,0.173400585,0.030067763,-0.341440133,0.116581364,0.516047326,0.266304842,-0.038629144,0.001492211
S074,45,1,1,1,5,9,4,100000,500000,4,1,0,20,8,7,4,0.097221269,0.009451975,-0.531616703,0.282616319,0.371818619,0.138249085,0.719728451,0.518009044
S209,27,1,1,1,5,9,3,100000,300000000,2,0,0,37,22,10,4,2.034304744,4.138395793,3.215176182,10.33735788,0.918076356,0.842864196,0.530397456,0.281321461
L095,45,1,1,0,5,9,3,110000, , , ,1,29,9,13,6,1.305759905,1.705008928,-0.243283866,0.059187039,2.124163448,4.512070354,1.731560988,2.998303457
L022,53,1,1,0,5,9,1,120000,400000,3,1,1,23,12,7,4,0.653717137,0.427346095,0.750544345,0.563316814,0.518447364,0.268787669,0.80387556,0.646215917
L175,51,1,1,1,5,9,4,143000, ,4,0,1,17,10,4,1,-0.190387701,0.036247477,0.141671246,0.020070742,-0.394382237,0.155537349,-0.734910022,0.540092741
L068,60,1,1,0,5,9,3,150000,50000000,4,1,1,12,8,2,1,-0.688942191,0.474641343,-0.290061013,0.084135391,-0.813539842,0.661847074,-0.640244525,0.409913051
L052,52,1,1,0,5,9,5,150000,1200000,4,1,1,14,7,4,2,-0.574027706,0.329507807,-0.707223551,0.500165151,-0.376053644,0.141416343,-0.218475365,0.047731485
L003,68,1,1,1,5,9,4,150000,250000,4,1,1,18,11,4,1,0.270399888,0.073116099,0.703767198,0.495288269,-0.082796153,0.006855203,-0.556097416,0.309244336
L118,71,1,1,0,5,9,3,160000, ,3,1,1,9,5,3,0,-0.880520127,0.775315693,-0.977918684,0.956324952,-0.319867845,0.102315438,-1.030458518,1.061844758
S002,29,1,1,1,5,9,5,250000,280000,3,1,0,20,14,4,1,-0.210078042,0.044132784,0.940720915,0.884955839,-0.797611287,0.636183765,-0.966314572,0.933763853
S154,35,1,1,1,5,9,4,500000,7000000,3,0,0,20,14,3,2,-0.0948408,0.008994777,1.037343191,1.076080895,-0.979697199,0.959806602,-0.397287972,0.157837733
L043,54,1,1,0,5,9,4,750000,20000000000,4,1,1,22,4,12,4,0.538641273,0.290134421,-1.540014635,2.371645077,1.997063315,3.988261884,0.814393949,0.663237504
L034,62,1,1,0,5,9,4,1000000, ,4,1,0,7,5,2,0,-1.32194013,1.747525708,-1.122852097,1.260796833,-0.776882655,0.60354666,-1.125124016,1.265904051
L096,77,1,1,0,5,9,4,1000000, ,4,1,1,16,12,3,1,0.174691609,0.030517158,1.137033449,1.292845063,-0.209896286,0.044056451,-0.461431918,0.212919415
L013,51,1,1,0,5,9,4,1000000,4000000,4, ,1,22,9,10,1,0.481022652,0.231382792,-0.14666159,0.021509622,1.357962592,1.844062402,-0.734910022,0.540092741
L132,56,1,1,1,5,9,4,1100000, ,4,1,2,11,5,3,2,-0.90004909,0.810088364,-1.219474373,1.487117747,-0.594796743,0.353783165,-0.176401811,0.031117599
S058,39,1,1,1,5,9,5,2000000,50000000,4,1,0,22,13,5,3,0.250548169,0.062774385,0.813425204,0.661660563,-0.322267883,0.103856589,0.150701851,0.022711048
L099,41,1,1,1,5,9,4,2000000,30000000,4,1,1,22,10,8,4,0.288960583,0.083498218,-0.01936588,0.000375037,0.590561718,0.348763142,0.677654897,0.459216159
S005,59,1,1,0,5,9,3,2500000,600000,4,0,0,21,12,6,2,0.500390237,0.250390389,0.847166621,0.717691283,0.336361451,0.113139026,-0.144846645,0.020980551
L076,38,1,1,1,5,9,4,2500000,5000000,4,0,1,21,12,7,0,0.097059891,0.009420623,0.508988655,0.259069451,0.243518467,0.059301244,-1.377565343,1.897686275
S172,40,1,1,1,5,9,4,3500000,2000000,3,1,0,34,16,11,6,1.881139223,3.538684776,1.694527427,2.871423201,1.448405539,2.097878606,1.678969045,2.818937055
S084,47,1,1,0,5,9,3,5000000, ,4,0,0,18,16,2,0,-0.132930458,0.017670507,1.807253416,3.266164908,-1.051811553,1.106307543,-1.282899845,1.645832014
S157,40,1,1,1,5,9,4,12000000,25000000,4,1,0,26,10,11,4,0.806882658,0.651059624,-0.035469593,0.001258092,1.448405539,2.097878606,0.667136508,0.445071121
S046,46,1,1,1,5,9,4,20000000,20000000,4,1,0,26,15,5,4,0.9221199,0.85030511,1.502816866,2.258458533,-0.193967731,0.037623481,0.73024684,0.533260447
S144,26,1,0,-1,5,9, , , , , ,-1,32,12,12,7,1.343688185,1.805497937,0.315744103,0.099694339,1.483862706,2.201848531,2.037627873,4.151927349
H081,45,1,0,0,5,9, , , ,1, ,-1,17,7,4,4,-0.305624942,0.093406605,-0.819949539,0.672317247,-0.504353796,0.254372752,0.719728451,0.518009044
H078,37,1,1,0,5,9, , , ,3, ,0,16,7,5,3,-0.593556668,0.352309519,-0.94877924,0.900182047,-0.35892507,0.128827206,0.129665074,0.016813031
H003,28,1,1,0,5,9, , , ,2, ,0,18,12,3,2,-0.49784839,0.247853019,0.347951529,0.121070266,-1.107997351,1.227658131,-0.470916692,0.221762531
H006,28,1,1,0,5,9, , , ,1, ,0,19,10,5,4,-0.363566319,0.132180468,-0.228714144,0.05231016,-0.523882408,0.274452778,0.540915845,0.292589951
H079,31,1,1,0,5,9, , , ,3, ,0,19,10,4,3,-0.305947698,0.093603994,-0.180403007,0.032545245,-0.7609541,0.579051143,0.066554742,0.004429534
H080,49,1,1,0,5,9, , , ,4, ,0,19,11,4,4,0.039764027,0.001581178,0.397796658,0.158242181,-0.431039423,0.185794984,0.761802006,0.580342296
S179,29,1,1,0,5,9, , , ,1, ,0,22,8,12,1,0.0584861,0.003420624,-0.789276105,0.62295677,1.538848486,2.368054662,-0.966314572,0.933763853
L008,64,1,1,0,5,9,3, , ,4,0,1,17,10,3,3,0.059292989,0.003515659,0.351019511,0.123214697,-0.448167997,0.200854554,0.413661567,0.171115892
H095,53,1,1,0,5,9, , , ,2, ,0,20,8,7,3,0.250870925,0.062936221,-0.402787001,0.162237369,0.518447364,0.268787669,0.297959292,0.08877974
S156,33,1,1,0,5,9, , , ,2, ,0,24,15,6,2,0.403875069,0.163115071,1.293468602,1.673061024,-0.140181971,0.019650985,-0.418324749,0.174995596
L009,27,1,1,0,5,9,3, , ,1,0,1,26,14,8,3,0.557201968,0.310474033,0.908513489,0.82539676,0.333961413,0.111530226,0.024481188,0.000599329
H015,62,1,1,0,5,9, , , ,4, ,0,23,12,6,4,0.826572999,0.683222923,0.895477759,0.801880416,0.391347231,0.153152655,0.898541058,0.807376033
H021,51,1,1,0,5,9, , , ,4, ,0,25,12,7,5,0.883868864,0.781224169,0.71833692,0.51600793,0.481790178,0.232121775,1.288755052,1.660889583
H082,36,1,1,0,5,9, , , ,3, ,0,29,13,8,6,1.132904042,1.283471569,0.765114067,0.585399535,0.498918752,0.248919921,1.636895491,2.679426848
H044,66,1,1,0,5,9, , , ,4, ,0,26,11,10,4,1.306244038,1.706273488,0.671559773,0.450992528,1.63289149,2.666334618,0.940614613,0.884755849
H032,66,1,1,0,5,9, , , ,4, ,0,29,12,9,7,1.70909025,2.920989483,0.959892609,0.921393822,1.340834018,1.797835865,2.458363418,6.043550696
H105,54,1,1,1,5,9, , , ,4, ,0,16,5,4,5,-0.26705115,0.071316317,-1.251681799,1.566707325,-0.339396458,0.115189955,1.320310218,1.743219071
H004,37,1,1,1,5,9, , , , , ,0,21,11,6,3,0.077853685,0.006061196,0.204552106,0.041841564,-0.066867598,0.004471276,0.129665074,0.016813031
H096,55,1,0,1,5,9, , , ,4, ,0,19,9,5,5,0.155001268,0.024025393,-0.08224674,0.006764526,-0.029010393,0.000841603,1.330828606,1.771104779
H009,54,1,1,1,5,9, , , ,1, ,0,20,10,6,3,0.270077132,0.072941657,0.189982384,0.036093306,0.244718486,0.059887137,0.308477681,0.095158479
H109,64,1,1,1,5,9, , , ,4, ,0,20,8,7,3,0.462139201,0.213572641,-0.225646162,0.050916191,0.720061889,0.518489124,0.413661567,0.171115892
H091,51,1,1,1,5,9, , , ,3, ,0,22,12,6,4,0.481022652,0.231382792,0.71833692,0.51600793,0.189732706,0.0359985,0.782838783,0.61283656
H005,27,1,1,1,5,9, , , ,2, ,0,26,11,10,3,0.557201968,0.310474033,0.043514979,0.001893553,0.918076356,0.842864196,0.024481188,0.000599329
L064,38,1,1,1,5,9,3, , ,4,0,1,25,12,7,4,0.634188174,0.40219464,0.508988655,0.259069451,0.243518467,0.059301244,0.646099731,0.417444862
H035,39,1,1,1,5,9, , , ,4, ,0,25,12,10,3,0.653394381,0.426924217,0.525092368,0.275721995,1.138019474,1.295088324,0.150701851,0.022711048
H107,43,1,1,1,5,9, , , ,4, ,0,26,13,10,2,0.864501279,0.747362461,0.877840055,0.770603162,1.211333847,1.467329689,-0.313140863,0.0980572
H007,26,1,1,1,5,9, , , ,2, ,0,29,12,10,6,0.940841973,0.885183618,0.315744103,0.099694339,0.899747763,0.809546037,1.531711604,2.346140439
H084,44,1,1,1,5,9, , , ,4, ,0,27,11,10,4,1.017989557,1.036302737,0.317278095,0.100665389,1.22966244,1.512069717,0.709210063,0.502978913
S132,39,1,1,1,5,9,3, , ,4,0,0,28,13,11,3,1.056240592,1.115644189,0.813425204,0.661660563,1.430076946,2.045120071,0.150701851,0.022711048
H100,64,1,1,1,5,9, , , ,4, ,0,25,14,8,3,1.133549554,1.284934591,1.504350857,2.263071502,1.01211936,1.0243856,0.413661567,0.171115892
H111,37,1,1,1,5,9, , , ,4, ,0,32,13,12,6,1.554956461,2.417889595,0.781217779,0.610301219,1.685477231,2.840833497,1.647413879,2.71397249
L085,48,1,1,1,5,9,4, , ,4,1,2,35,20,10,3,2.169070949,4.704868781,2.976688475,8.860674275,1.302976813,1.697748575,0.245367349,0.060205136
L116,62,1,1,1,5,9, , , , , , ,12,8,2,1,-0.650529777,0.423188991,-0.257853588,0.066488473,-0.776882655,0.60354666,-0.619207747,0.383418235
L160,88,1,1,1,5,9, , , , , , ,12,8,2,1,-0.151168397,0.022851884,0.160842941,0.025870452,-0.300339233,0.090203655,-0.345729643,0.119528986
